{"data": {"China": 14393.23776, "India": 13800.04385, "US": 3310.02651, "Indonesia": 2735.23615, "Pakistan": 2208.9234, "Brazil": 2125.59417, "Nigeria": 2061.39589, "Bangladesh": 1646.89383, "Russia": 1459.34462, "Mexico": 1289.32753, "Japan": 1264.76461, "Ethiopia": 1149.63588, "Philippines": 1095.81078, "Egypt": 1023.34404, "Vietnam": 973.38579, "Congo (Kinshasa)": 895.61403, "Germany": 837.83942, "Turkey": 843.39067, "Iran": 839.92949, "Thailand": 697.99978, "England (UK)": 678.86011, "France (full)": 652.73511, "Italy": 604.61826, "South Africa": 593.0869, "Tanzania": 597.34218, "Burma": 544.098, "Kenya": 537.71296, "Korea, South": 512.69185, "Colombia": 508.82891, "Spain": 467.54778, "Argentina": 451.95774, "Uganda": 457.41007, "Ukraine": 437.33762, "Algeria": 438.51044, "Sudan": 438.4926, "Iraq": 402.22493, "Afghanistan": 389.28346, "Poland": 378.46611, "Canada": 377.42154, "Morocco": 369.1056, "Saudi Arabia": 348.13871, "Uzbekistan": 334.69203, "Peru": 329.71854, "Malaysia": 323.65999, "Angola": 328.66272, "Ghana": 310.7294, "Mozambique": 312.55435, "Yemen": 298.25964, "Nepal": 291.36808, "Venezuela": 284.3594, "Madagascar": 276.91018, "Cameroon": 265.45863, "Ivory Coast": 263.78274, "Korea, North": 257.78816, "Australia": 254.99884, "Taiwan*": 238.16775, "Niger": 242.06644, "Sri Lanka": 214.13249, "Burkina Faso": 209.03273, "Mali": 202.50833, "Romania": 192.37691, "Chile": 191.16201, "Malawi": 191.29952, "Kazakhstan": 187.76707, "Zambia": 183.83955, "Guatemala": 179.15568, "Ecuador": 176.43054, "Netherlands": 171.34872, "Syria": 175.00658, "Cambodia": 167.18965, "Senegal": 167.43927, "Chad": 164.25864, "Somalia": 158.93222, "Zimbabwe": 148.62924, "Guinea": 131.32795, "Rwanda": 129.52218, "Benin": 121.232, "Tunisia": 118.18619, "Belgium": 115.89623, "Burundi": 118.90784, "Bolivia": 116.73021, "Cuba": 113.26616, "Haiti": 114.02528, "South Sudan": 111.93725, "Dominican Republic": 108.4791, "Czechia": 107.08981, "Greece": 104.23054, "Portugal": 101.96709, "Jordan": 102.03134, "Azerbaijan": 101.39177, "Sweden": 100.99265, "United Arab Emirates": 98.90402, "Honduras": 99.04607, "Hungary": 96.60351, "Belarus": 94.49323, "Tajikistan": 95.37645, "Austria": 90.06398, "Papua New Guinea": 89.47024, "Serbia": 87.37371, "Switzerland": 86.54622, "Israel": 86.55535, "Togo": 82.78724, "Sierra Leone": 79.76983, "Hong Kong*": 74.96981, "Laos": 72.7556, "Paraguay": 71.32538, "Bulgaria": 69.48445, "Lebanon": 68.25445, "Libya": 68.71292, "Nicaragua": 66.24554, "El Salvador": 64.86205, "Kyrgyzstan": 65.24195, "Turkmenistan": 60.312, "Singapore": 58.50342, "Denmark": 57.92202, "Finland": 55.4072, "Slovakia": 54.59642, "Congo (Brazzaville)": 55.18087, "Norway": 54.21241, "Costa Rica": 50.94118, "Palestine": 51.01414, "Oman": 51.06626, "Liberia": 50.57681, "Ireland": 49.37786, "New Zealand": 48.22233, "Central African Republic": 48.29767, "Mauritania": 46.49658, "Panama": 43.14767, "Kuwait": 42.70571, "Croatia": 41.05267, "Moldova": 40.33963, "Georgia": 39.89167, "Eritrea": 35.46421, "Uruguay": 34.7373, "Bosnia and Herzegovina": 32.80819, "Mongolia": 32.7829, "Armenia": 29.63243, "Jamaica": 29.61167, "Puerto Rico": 28.60853, "Albania": 28.77797, "Qatar": 28.81053, "Lithuania": 27.22289, "Namibia": 25.40905, "Gambia": 24.16668, "Botswana": 23.51627, "Gabon": 22.25734, "Lesotho": 21.42249, "Macedonia": 20.83374, "Slovenia": 20.78938, "Guinea-Bissau": 19.68001, "Latvia": 18.86198, "Bahrain": 17.01575, "Trinidad and Tobago": 13.99488, "Equatorial Guinea": 14.02985, "Estonia": 13.26535, "Timor-Leste": 13.18445, "Mauritius": 12.71768, "Cyprus": 12.07359, "Eswatini": 11.60164, "Djibouti": 0.00098, "Fiji": 8.96445, "Reunion": 8.95312, "Comoros": 8.69601, "Guyana": 7.86552, "Bhutan": 7.71608, "Solomon Islands": 6.86884, "Macau*": 6.49335, "Montenegro": 6.28066, "Luxembourg": 6.25978, "Western Sahara": 5.97339, "Suriname": 5.86632, "Cape Verde": 5.55987, "Maldives": 5.40544, "Malta": 4.41543, "Brunei": 4.37479, "Guadeloupe": 4.00124, "Belize": 3.97628, "Bahamas": 3.93244, "Martinique": 3.75265, "Iceland": 3.41243, "Vanuatu": 3.07145, "French Guiana": 2.98682, "Barbados": 2.87375, "New Caledonia": 2.85498, "French Polynesia": 2.80908, "Mayotte": 2.72815, "Sao Tome and Principe": 2.19159, "Samoa": 1.98414, "Saint Lucia": 1.83627, "Guam": 1.68775, "Curacao": 1.64093, "Kiribati": 1.19449, "Micronesia": 1.15023, "Grenada": 1.12523, "Saint Vincent and the Grenadines": 1.1094, "Aruba": 1.06766, "United States Virgin Islands": 1.04425, "Tonga": 1.05695, "Seychelles": 0.98347, "Antigua and Barbuda": 0.97929, "Isle of Man": 0.85033, "Andorra": 0.77265, "Dominica": 0.71986, "Cayman Islands": 0.65722, "Bermuda": 0.62278, "Marshall Islands": 0.5919, "Northern Mariana Islands": 0.57559, "Greenland": 0.5677, "American Samoa": 0.55191, "Saint Kitts and Nevis": 0.53199, "Faroe Islands": 0.48863, "Sint Maarten": 0.42876, "Monaco": 0.39242, "Turks and Caicos Islands": 0.38717, "Liechtenstein": 0.38128, "Saint Martin": 0.38666, "San Marino": 0.33931, "Gibraltar": 0.33691, "British Virgin Islands": 0.30231, "Palau": 0.18094, "Cook Islands": 0.17564, "Anguilla": 0.15003, "Tuvalu": 0.11792, "Wallis and Futuna": 0.11239, "Nauru": 0.10824, "Saint Barth\u00e9lemy": 0.09877, "Saint Pierre and Miquelon": 0.05794, "Montserrat": 0.04992, "Falkland Islands": 0.0348, "Niue": 0.01626, "Tokelau": 0.01357, "Holy See": 0.00801, "United Kingdom": 682.25158, "World": 77939.43821, "France": 680.87909, "Cabo Verde": 0.54973, "Cote d'Ivoire": 262.63894, "North Macedonia": 20.77132, "Kosovo": 18.10463, "West Bank and Gaza": 45.7}, "meta": {"source": "https://worldpopulationreview.com/", "date": "2020-04-28", "year": "pop2020"}}